[
  "Ahmedabad",
  "Allahabad",
  "Amritsar",
  "Bangalore",
  "Bengaluru",
  "Bhopal",
  "Bhubeneshwar",
  "Bikenere",
  "Chennai",
  "Darjeeling",
  "Delhi",
  "Delhi NCR",
  "Gandhinagar",
  "Gangtok",
  "Hyderabad",
  "Itanagar",
  "Jamshedpur",
  "Kanpur",
  "Kochi",
  "Kolkata",
  "Kota",
  "Lucknow",
  "Mangalore",
  "Mysore",
  "Nanital",
  "Nashik",
  "Panaji",
  "Patna",
  "Port-Blair",
  "Pune",
  "Shimla",
  "Siliguri",
  "Srinagar",
  "Surat",
  "Trichy",
  "Trivandrum",
  "Vaddodra",
  "Varanasi",
  "Vellore",
  "Vijaywada"
]
